Date,Product,Category,Quantity,Unit Price,Total Price
2023-02-14,Product A,Category 1,1,89.17501674697067,89.17501674697067
2023-02-17,Product B,Category 1,6,24.018631891607555,144.11179134964533
2023-03-06,Product A,Category 3,7,35.25309795563493,246.7716856894445
2023-03-09,Product B,Category 3,2,44.752454186484314,89.50490837296863
2023-03-09,Product A,Category 3,2,34.62744792700205,69.2548958540041
2023-01-10,Product C,Category 1,4,28.963957831999267,115.85583132799707
2023-03-25,Product D,Category 1,2,79.40314873491292,158.80629746982584
2023-01-22,Product A,Category 1,7,39.611454285122335,277.2801799958563
2023-02-06,Product B,Category 3,1,20.12616619294046,20.12616619294046
2023-03-29,Product D,Category 2,8,58.68056462110262,469.44451696882095
2023-03-12,Product B,Category 1,7,21.293964751276928,149.0577532589385
2023-03-30,Product D,Category 2,5,42.176764669683514,210.88382334841756
2023-03-30,Product D,Category 3,3,89.36440860450554,268.0932258135166
2023-01-13,Product D,Category 1,4,43.224507559559775,172.8980302382391
2023-02-28,Product C,Category 3,7,66.9258076859425,468.4806538015975
2023-03-07,Product A,Category 2,7,56.31629824077681,394.2140876854377
2023-02-09,Product B,Category 3,3,22.395236120017806,67.18570836005341
2023-03-29,Product A,Category 3,2,68.41626380117516,136.83252760235032
2023-02-16,Product C,Category 1,8,87.04314972404256,696.3451977923405
2023-03-30,Product B,Category 2,9,18.389122664080965,165.50210397672868
2023-03-23,Product C,Category 1,9,77.83120802168123,700.4808721951312
2023-02-07,Product D,Category 3,5,72.11901533670803,360.5950766835401
2023-01-26,Product B,Category 3,3,87.99945174974313,263.9983552492294
2023-03-19,Product A,Category 2,9,19.36827389201203,174.3144650281083
2023-03-14,Product D,Category 3,1,37.51258414570109,37.51258414570109
2023-01-10,Product B,Category 1,4,72.48623385037368,289.9449354014947
2023-01-21,Product D,Category 2,1,11.981618099798522,11.981618099798522
2023-03-22,Product D,Category 3,6,76.06681099574398,456.40086597446384
2023-03-11,Product C,Category 1,8,87.21807211010089,697.7445768808071
2023-03-21,Product B,Category 1,8,50.79736471390818,406.37891771126544
2023-02-17,Product C,Category 2,5,49.08969130839869,245.44845654199347
2023-03-06,Product B,Category 3,9,35.06220658624294,315.55985927618644
2023-03-24,Product C,Category 1,3,10.45466830045786,31.364004901373576
2023-03-30,Product A,Category 2,6,26.767316499972043,160.60389899983227
2023-02-19,Product B,Category 1,2,98.1877706580134,196.3755413160268
2023-01-30,Product A,Category 3,8,88.05574694092209,704.4459755273767
2023-01-20,Product B,Category 1,8,33.98541748740293,271.8833398992234
2023-01-20,Product B,Category 3,2,96.73739714089417,193.47479428178835
2023-01-15,Product A,Category 1,6,43.09413543579573,258.5648126147744
2023-02-09,Product C,Category 3,1,36.782683727606205,36.782683727606205
2023-02-02,Product A,Category 1,8,23.752687190489667,190.02149752391733
2023-03-07,Product A,Category 1,9,91.14499625596066,820.304966303646
2023-01-10,Product B,Category 2,5,98.82932419601734,494.1466209800867
2023-02-27,Product C,Category 3,6,39.467026364741415,236.8021581884485
2023-02-02,Product D,Category 1,3,73.30873810225842,219.92621430677525
2023-02-01,Product C,Category 2,1,40.17730688285992,40.17730688285992
2023-03-16,Product A,Category 1,9,19.449166537490967,175.0424988374187
2023-01-24,Product D,Category 2,7,45.342307619409155,317.3961533358641
2023-02-05,Product A,Category 1,6,59.64129646850584,357.847778811035
2023-03-17,Product D,Category 2,4,21.07150832588448,84.28603330353792
2023-02-25,Product C,Category 3,9,83.6445497310785,752.8009475797065
2023-01-29,Product A,Category 1,1,54.76268052039605,54.76268052039605
2023-02-04,Product B,Category 3,8,31.094465725411567,248.75572580329253
2023-01-01,Product D,Category 3,3,63.3483620688649,190.0450862065947
2023-01-01,Product D,Category 2,9,81.39333754489618,732.5400379040657
2023-02-06,Product D,Category 3,8,39.48619141467782,315.88953131742255
2023-02-23,Product D,Category 2,7,73.13286919605349,511.93008437237444
2023-01-06,Product D,Category 2,1,48.50732619826186,48.50732619826186
2023-02-08,Product B,Category 2,6,96.76460519610409,580.5876311766245
2023-01-18,Product A,Category 2,3,79.38460779424585,238.15382338273756
2023-03-21,Product B,Category 2,7,42.071581226981884,294.5010685888732
2023-01-05,Product C,Category 1,9,11.597316315558587,104.37584684002728
2023-02-12,Product A,Category 1,5,69.17679058423852,345.8839529211926
2023-02-28,Product B,Category 3,1,27.808494272636707,27.808494272636707
2023-02-01,Product A,Category 1,4,20.96912580842195,83.8765032336878
2023-01-02,Product C,Category 2,5,93.85988062571144,469.2994031285572
2023-03-07,Product B,Category 2,2,99.99540731934252,199.99081463868504
2023-02-11,Product C,Category 1,9,34.28999385079466,308.6099446571519
2023-02-27,Product D,Category 3,3,37.15916969493442,111.47750908480326
2023-02-05,Product A,Category 3,9,24.849004531435185,223.64104078291666
2023-01-12,Product A,Category 1,9,51.19162983366614,460.72466850299526
2023-02-16,Product B,Category 2,8,87.92593838521728,703.4075070817382
2023-03-24,Product C,Category 2,4,73.135535691239,292.542142764956
2023-01-01,Product A,Category 3,7,86.16984022689289,603.1888815882502
2023-01-15,Product D,Category 1,4,30.563349010622243,122.25339604248897
2023-02-23,Product D,Category 2,8,75.74104606676322,605.9283685341057
2023-01-13,Product C,Category 3,8,92.66739655564542,741.3391724451634
2023-02-12,Product C,Category 3,3,35.327450279295135,105.9823508378854
2023-03-26,Product B,Category 1,8,72.15881892320667,577.2705513856533
2023-03-17,Product C,Category 3,9,46.059167052086906,414.5325034687821
2023-03-10,Product D,Category 2,5,36.12039806430303,180.60199032151516
2023-01-07,Product D,Category 3,4,97.26611218789145,389.0644487515658
2023-03-10,Product A,Category 3,1,41.37699069714634,41.37699069714634
2023-02-17,Product D,Category 3,3,19.706471313461854,59.11941394038556
2023-01-04,Product D,Category 1,6,44.9730288658302,269.8381731949812
2023-03-18,Product A,Category 2,5,50.29104618639841,251.45523093199205
2023-02-22,Product B,Category 3,3,77.69897429493142,233.09692288479425
2023-03-20,Product C,Category 1,8,95.49228402523025,763.938272201842
2023-01-16,Product A,Category 3,4,83.53512854147914,334.14051416591656
2023-01-21,Product A,Category 2,8,93.78471801295954,750.2777441036764
2023-02-28,Product B,Category 3,4,52.755411697743796,211.02164679097518
2023-01-24,Product C,Category 1,2,74.73849114127908,149.47698228255817
2023-03-21,Product C,Category 3,5,37.814462651116216,189.0723132555811
2023-01-14,Product C,Category 3,6,16.262839766711615,97.57703860026969
2023-03-27,Product A,Category 3,4,42.89261727933942,171.57046911735767
2023-02-18,Product D,Category 1,3,72.81237054954678,218.43711164864035
2023-02-19,Product D,Category 3,2,34.715989922323935,69.43197984464787
2023-03-11,Product A,Category 3,4,87.52653060773689,350.10612243094755
2023-02-11,Product D,Category 1,5,81.16955649846116,405.8477824923058
2023-02-05,Product B,Category 1,5,27.463829426614264,137.3191471330713
2023-03-06,Product D,Category 2,7,39.77530862417261,278.42716036920825
2023-03-11,Product A,Category 1,4,84.27723557941826,337.10894231767304
2023-01-01,Product D,Category 3,8,31.95440105601695,255.6352084481356
2023-02-20,Product B,Category 3,5,39.84419311004176,199.2209655502088
2023-02-06,Product D,Category 1,1,40.876023918077806,40.876023918077806
2023-02-04,Product D,Category 2,1,82.09378250431901,82.09378250431901
2023-02-18,Product B,Category 1,1,13.332723904451509,13.332723904451509
2023-01-04,Product C,Category 2,1,16.640828480927286,16.640828480927286
2023-02-12,Product B,Category 1,5,62.06063933466438,310.3031966733219
2023-03-19,Product D,Category 2,6,45.740079189645996,274.440475137876
2023-01-22,Product C,Category 2,6,66.95967876496368,401.7580725897821
2023-03-15,Product C,Category 3,3,33.98151485614446,101.94454456843337
2023-01-01,Product A,Category 2,1,91.86244097334047,91.86244097334047
2023-01-11,Product A,Category 3,8,78.48476984570105,627.8781587656084
2023-02-13,Product B,Category 1,2,16.097159849535643,32.194319699071286
2023-02-28,Product B,Category 1,1,80.55149295565307,80.55149295565307
2023-01-24,Product B,Category 1,8,97.26241350810261,778.0993080648209
2023-03-01,Product D,Category 1,7,94.81920585287257,663.734440970108
2023-01-03,Product B,Category 1,8,76.1935418222903,609.5483345783224
2023-03-04,Product A,Category 3,1,21.1234378133094,21.1234378133094
2023-02-05,Product B,Category 1,5,61.84690892564087,309.23454462820433
2023-03-09,Product C,Category 2,9,35.58094559564399,320.2285103607959
2023-03-24,Product A,Category 3,6,97.31916492726225,583.9149895635735
2023-02-16,Product C,Category 2,3,74.57371528254484,223.72114584763452
2023-01-21,Product D,Category 3,6,64.96890308086773,389.8134184852064
2023-03-23,Product B,Category 2,5,72.55792383442537,362.78961917212683
2023-02-20,Product A,Category 3,2,49.41812161987124,98.83624323974249
2023-01-28,Product C,Category 1,1,43.5463076293846,43.5463076293846
2023-01-15,Product A,Category 3,3,94.22196214959678,282.66588644879033
2023-02-11,Product C,Category 3,6,39.8734421313418,239.2406527880508
2023-02-28,Product A,Category 2,5,13.729251855944739,68.6462592797237
2023-03-07,Product C,Category 3,3,46.07561387390117,138.2268416217035
2023-02-06,Product D,Category 3,8,81.1306317359505,649.045053887604
2023-01-11,Product C,Category 1,4,68.36215222440275,273.448608897611
2023-03-28,Product C,Category 2,6,96.59536979300871,579.5722187580523
2023-02-13,Product A,Category 3,7,19.558168085722386,136.9071766000567
2023-01-12,Product C,Category 2,5,92.0391672006445,460.1958360032225
2023-01-03,Product C,Category 3,9,43.19642745226559,388.7678470703903
2023-02-21,Product B,Category 3,1,52.66023268797211,52.66023268797211
2023-03-22,Product C,Category 2,1,48.5633939040311,48.5633939040311
2023-02-02,Product B,Category 1,3,20.480705298319727,61.44211589495918
2023-02-24,Product A,Category 3,7,32.30168101526698,226.11176710686885
2023-01-01,Product C,Category 3,2,76.80444123068128,153.60888246136255
2023-02-08,Product D,Category 3,6,12.070678766112568,72.42407259667542
2023-01-20,Product A,Category 2,6,22.049899694764708,132.29939816858825
2023-02-16,Product D,Category 1,3,12.268915191221506,36.806745573664514
2023-02-12,Product B,Category 3,4,87.16492515911942,348.6597006364777
2023-02-26,Product B,Category 3,4,65.55923450036016,262.23693800144065
2023-03-02,Product D,Category 3,4,25.293579590670298,101.17431836268119
2023-03-19,Product D,Category 2,9,79.18950007483782,712.7055006735404
2023-01-31,Product D,Category 2,6,97.01205377063984,582.072322623839
2023-01-25,Product A,Category 2,6,94.11043370770163,564.6626022462098
2023-01-03,Product D,Category 2,2,92.93927930309488,185.87855860618976
2023-01-04,Product C,Category 1,9,10.702919386516891,96.32627447865202
2023-01-14,Product A,Category 2,8,63.01121400867507,504.08971206940055
2023-02-10,Product B,Category 2,8,33.09693549751263,264.77548398010106
2023-03-14,Product D,Category 3,2,60.81824928788729,121.63649857577458
2023-01-20,Product B,Category 2,1,38.62272602444992,38.62272602444992
2023-03-14,Product C,Category 1,5,23.829988849535134,119.14994424767568
2023-01-27,Product D,Category 1,7,50.0044351022512,350.0310457157584
2023-03-08,Product B,Category 3,1,54.558669445873605,54.558669445873605
2023-02-22,Product C,Category 1,4,99.0788956162862,396.3155824651448
2023-03-09,Product D,Category 2,4,13.81490957246861,55.25963828987444
2023-03-03,Product C,Category 2,5,37.103967900754895,185.51983950377448
2023-01-15,Product D,Category 1,2,86.67044605794904,173.34089211589807
2023-01-05,Product C,Category 1,1,69.37259483134385,69.37259483134385
2023-03-09,Product B,Category 2,5,84.40147286613063,422.00736433065316
2023-01-12,Product A,Category 3,7,69.42618267038,485.98327869266
2023-03-28,Product D,Category 2,9,78.35826782315196,705.2244104083677
2023-03-19,Product D,Category 3,3,54.36295749973516,163.08887249920548
2023-03-17,Product A,Category 3,2,28.438992360783775,56.87798472156755
2023-02-26,Product B,Category 1,3,82.90034747534798,248.70104242604395
2023-01-17,Product D,Category 3,2,61.10385891975722,122.20771783951444
2023-01-25,Product A,Category 2,1,22.555467440814674,22.555467440814674
2023-01-30,Product A,Category 2,2,82.44046241837795,164.8809248367559
2023-01-22,Product B,Category 1,7,96.27273193263204,673.9091235284243
2023-01-26,Product A,Category 3,5,41.154748536561925,205.77374268280963
2023-03-22,Product D,Category 2,5,36.41610268777991,182.08051343889957
2023-03-02,Product B,Category 3,6,17.359766038680945,104.15859623208567
2023-03-03,Product C,Category 2,4,69.8042103804474,279.2168415217896
2023-03-25,Product C,Category 2,7,96.3065456646847,674.145819652793
2023-02-03,Product D,Category 2,1,22.239342099244688,22.239342099244688
2023-02-02,Product A,Category 2,3,53.664366818738394,160.9931004562152
2023-03-12,Product B,Category 1,1,18.841436618792308,18.841436618792308
2023-03-27,Product C,Category 1,8,13.069891333883422,104.55913067106738
2023-02-01,Product B,Category 3,8,69.8050945600881,558.4407564807047
2023-01-14,Product D,Category 3,2,88.09184578091481,176.18369156182962
2023-03-13,Product D,Category 1,5,40.38134825134267,201.90674125671336
2023-02-26,Product B,Category 2,9,88.81886569690893,799.3697912721804
2023-01-25,Product B,Category 3,1,20.53477892359287,20.53477892359287
2023-03-21,Product D,Category 3,4,31.416461372572858,125.66584549029143
2023-02-11,Product D,Category 1,5,91.14460542160467,455.7230271080233
2023-01-19,Product A,Category 3,7,55.76589043216032,390.36123302512226
2023-02-10,Product C,Category 1,2,64.73731454173216,129.47462908346432
2023-02-24,Product A,Category 2,4,13.421640928825713,53.68656371530285
2023-03-21,Product B,Category 3,4,21.55509191331,86.22036765324
2023-01-12,Product C,Category 2,3,15.021173125076785,45.063519375230356
2023-02-08,Product A,Category 2,5,91.45006659547023,457.25033297735115
2023-01-02,Product C,Category 1,5,22.131546748385233,110.65773374192617
2023-02-14,Product A,Category 2,5,86.47055439478791,432.3527719739395
2023-03-30,Product B,Category 1,6,41.59312294352078,249.5587376611247
2023-01-25,Product D,Category 1,9,82.0537746729202,738.4839720562818
2023-03-09,Product C,Category 3,4,42.853919271107266,171.41567708442906
2023-03-24,Product B,Category 2,7,34.09156357235888,238.64094500651214
2023-01-04,Product B,Category 1,6,18.429463107015152,110.57677864209091
2023-03-18,Product D,Category 3,4,35.26359315167203,141.05437260668813
2023-02-05,Product D,Category 1,4,52.4331745045552,209.7326980182208
2023-03-28,Product D,Category 2,8,83.5757919007116,668.6063352056927
2023-03-03,Product C,Category 2,1,50.726345929182806,50.726345929182806
2023-03-11,Product D,Category 3,8,97.42920174438557,779.4336139550845
2023-03-29,Product C,Category 3,5,58.746970976934065,293.7348548846703
2023-02-13,Product D,Category 3,1,12.24510668302991,12.24510668302991
2023-02-02,Product A,Category 3,6,47.38305701721452,284.2983421032871
2023-01-12,Product A,Category 3,4,72.00091966478624,288.00367865914495
2023-03-26,Product B,Category 2,7,31.08624816248423,217.60373713738963
2023-01-11,Product A,Category 3,8,72.87669557633428,583.0135646106743
2023-02-24,Product D,Category 3,1,55.33275746633646,55.33275746633646
2023-02-07,Product C,Category 3,4,12.316399802480376,49.265599209921504
2023-01-29,Product C,Category 3,3,79.69176545321851,239.0752963596555
2023-01-03,Product D,Category 2,1,60.43363334326676,60.43363334326676
2023-01-28,Product C,Category 2,8,17.424415277298404,139.39532221838724
2023-03-25,Product B,Category 1,1,52.769263011604565,52.769263011604565
2023-03-31,Product A,Category 3,8,35.8563593597272,286.8508748778176
2023-01-24,Product D,Category 3,3,89.17133883291397,267.5140164987419
2023-02-23,Product A,Category 2,1,35.64343475265238,35.64343475265238
2023-02-21,Product A,Category 2,3,94.7518363876779,284.2555091630337
2023-02-16,Product D,Category 2,7,59.151947441240125,414.0636320886809
2023-01-21,Product D,Category 3,1,39.12523385920492,39.12523385920492
2023-02-23,Product A,Category 1,9,83.21905156758196,748.9714641082376
2023-01-30,Product D,Category 1,4,72.76603405291893,291.0641362116757
2023-03-09,Product A,Category 2,4,47.25662461262915,189.0264984505166
2023-02-05,Product A,Category 2,7,66.66564724359338,466.65953070515366
2023-02-09,Product A,Category 2,7,80.07258376254532,560.5080863378173
2023-01-10,Product D,Category 2,7,86.64020148551404,606.4814103985983
2023-03-15,Product D,Category 1,5,83.47714423426572,417.3857211713286
2023-02-11,Product B,Category 1,3,24.946937973407618,74.84081392022286
2023-01-24,Product A,Category 2,6,84.5550597253227,507.33035835193624
2023-01-04,Product A,Category 1,5,15.276615299539491,76.38307649769746
2023-02-16,Product A,Category 2,3,28.015361339551173,84.04608401865352
2023-02-20,Product B,Category 1,1,66.06340480593903,66.06340480593903
2023-01-04,Product A,Category 3,2,20.322327290221388,40.644654580442776
2023-02-01,Product B,Category 3,6,64.301283555058,385.80770133034804
2023-01-10,Product B,Category 1,6,37.71691222272074,226.30147333632442
2023-01-11,Product D,Category 2,9,48.65199266391835,437.86793397526515
2023-01-28,Product B,Category 1,5,38.363635310093024,191.81817655046513
2023-02-15,Product D,Category 2,1,16.3156211078414,16.3156211078414
2023-03-13,Product C,Category 2,7,55.06828776297648,385.4780143408354
2023-02-09,Product A,Category 2,2,96.72394999553987,193.44789999107974
2023-03-03,Product C,Category 2,2,65.06050133441144,130.12100266882288
2023-03-27,Product A,Category 1,4,37.00286844554128,148.01147378216513
2023-02-14,Product B,Category 1,1,96.05348507116172,96.05348507116172
2023-02-04,Product D,Category 3,4,45.03135267570046,180.12541070280184
2023-02-04,Product B,Category 2,2,72.77659604819593,145.55319209639185
2023-03-30,Product A,Category 3,4,67.07015244301999,268.28060977207997
2023-02-03,Product A,Category 1,2,95.76197632349664,191.52395264699328
2023-01-06,Product B,Category 1,5,92.31424250453533,461.57121252267666
2023-02-06,Product A,Category 2,8,23.32036507150281,186.56292057202248
2023-01-01,Product A,Category 1,7,17.711728725648022,123.98210107953616
2023-03-17,Product C,Category 2,5,82.86780950189467,414.33904750947335
2023-02-04,Product B,Category 3,6,91.44488919671407,548.6693351802844
2023-03-11,Product C,Category 2,7,54.367624353060954,380.5733704714267
2023-02-23,Product B,Category 1,1,72.16851464503975,72.16851464503975
2023-03-22,Product C,Category 1,5,16.28094521605764,81.40472608028819
2023-03-04,Product D,Category 1,4,29.78239580708247,119.12958322832988
2023-01-09,Product A,Category 3,8,23.443857519104903,187.55086015283922
2023-03-03,Product A,Category 2,1,64.10445251950306,64.10445251950306
2023-01-02,Product B,Category 3,1,27.778590438949642,27.778590438949642
2023-03-23,Product B,Category 1,9,15.386168399576556,138.475515596189
2023-02-05,Product B,Category 2,4,37.19865544624096,148.79462178496385
2023-02-10,Product C,Category 3,7,70.94911862025575,496.64383034179025
2023-02-06,Product B,Category 2,6,62.00773518356691,372.0464111014014
2023-02-18,Product A,Category 1,8,39.76524689451722,318.12197515613775
2023-01-26,Product B,Category 3,4,85.01309882590388,340.0523953036155
2023-03-09,Product A,Category 2,3,34.86421972108806,104.59265916326419
2023-02-05,Product C,Category 2,9,33.449287452911435,301.0435870762029
2023-01-31,Product A,Category 1,2,60.39526697106294,120.79053394212588
2023-01-30,Product D,Category 1,4,53.03940758611981,212.15763034447923
2023-02-03,Product A,Category 1,9,50.13753945403246,451.23785508629214
2023-01-19,Product D,Category 3,4,24.020705705866046,96.08282282346418
2023-01-18,Product C,Category 3,6,55.418157246969194,332.50894348181515
2023-03-26,Product A,Category 2,2,33.31170255478998,66.62340510957996
2023-01-03,Product C,Category 2,3,45.29618943571138,135.88856830713416
2023-03-11,Product C,Category 3,7,76.02134029035457,532.149382032482
2023-01-13,Product D,Category 2,4,94.31765430034201,377.27061720136805
2023-02-14,Product C,Category 3,3,79.64766686703919,238.94300060111757
2023-03-08,Product A,Category 2,6,46.507050516093734,279.0423030965624
2023-03-27,Product D,Category 3,4,63.37298253958875,253.491930158355
2023-02-09,Product C,Category 2,6,77.18480342881335,463.1088205728801
2023-02-09,Product B,Category 2,2,47.279894508630235,94.55978901726047
2023-03-17,Product D,Category 3,2,42.4223342931071,84.8446685862142
2023-01-23,Product A,Category 1,6,22.171896636027693,133.03137981616615
2023-01-31,Product A,Category 3,9,76.26347213282881,686.3712491954593
2023-01-18,Product B,Category 3,4,85.46577317268624,341.86309269074496
2023-03-12,Product D,Category 1,3,38.49259699269575,115.47779097808726
2023-03-13,Product B,Category 2,3,80.51569890782818,241.54709672348454
2023-01-19,Product D,Category 1,5,64.91917525032886,324.5958762516443
2023-02-13,Product D,Category 1,8,80.56747417629197,644.5397934103357
2023-03-25,Product B,Category 1,9,47.0203644834698,423.1832803512282
2023-02-19,Product B,Category 2,9,77.2818727284646,695.5368545561814
2023-02-11,Product D,Category 3,6,46.76582061078634,280.59492366471807
2023-02-16,Product C,Category 1,6,17.98821868775076,107.92931212650456
2023-01-22,Product D,Category 2,4,59.552102632144965,238.20841052857986
2023-03-15,Product A,Category 2,8,50.889585374978104,407.11668299982483
2023-03-31,Product A,Category 3,7,32.75918984814194,229.3143289369936
2023-03-15,Product B,Category 3,1,90.29020014700922,90.29020014700922
2023-01-29,Product D,Category 1,9,44.45679749824011,400.111177484161
2023-03-23,Product C,Category 2,6,13.521350028905326,81.12810017343196
2023-02-28,Product C,Category 3,6,44.39221661823313,266.35329970939875
2023-01-01,Product B,Category 1,4,48.205882711033276,192.8235308441331
2023-03-28,Product B,Category 2,9,87.54739508747438,787.9265557872694
2023-03-05,Product B,Category 2,8,81.92648872945392,655.4119098356314
2023-01-17,Product B,Category 3,5,27.996992731713185,139.98496365856593
2023-02-06,Product C,Category 2,8,85.51263033629837,684.101042690387
2023-01-25,Product A,Category 2,2,32.31345054282987,64.62690108565974
2023-03-05,Product C,Category 3,4,40.77407333478637,163.0962933391455
2023-03-09,Product A,Category 2,6,16.913660857974218,101.4819651478453
2023-02-21,Product A,Category 2,9,14.982068182092746,134.83861363883472
2023-01-09,Product A,Category 1,6,71.27741087300237,427.6644652380142
2023-02-26,Product C,Category 2,9,93.10069760695598,837.9062784626037
2023-03-29,Product D,Category 3,8,54.37151688140458,434.97213505123665
2023-02-02,Product B,Category 2,4,85.96843407627247,343.8737363050899
2023-01-20,Product B,Category 3,6,81.4376124723388,488.6256748340328
2023-03-14,Product D,Category 3,7,69.82108510431964,488.74759573023744
2023-03-13,Product C,Category 2,6,98.04060380060007,588.2436228036004
2023-03-29,Product C,Category 3,4,82.19691287887474,328.78765151549896
2023-01-14,Product D,Category 1,3,34.73599547928353,104.2079864378506
2023-02-28,Product A,Category 3,4,81.01128215989972,324.0451286395989
2023-03-23,Product C,Category 1,2,72.33954816555132,144.67909633110264
2023-02-25,Product A,Category 3,7,45.95684019727165,321.69788138090155
2023-03-06,Product C,Category 2,4,16.911772320440353,67.64708928176141
2023-03-17,Product D,Category 3,8,29.29235766562897,234.33886132503176
2023-02-06,Product B,Category 3,8,81.75141024790194,654.0112819832156
2023-01-26,Product B,Category 3,6,32.363675932244426,194.18205559346654
2023-02-02,Product B,Category 1,3,99.80721847210133,299.42165541630396
2023-02-12,Product C,Category 1,2,72.45893259896901,144.91786519793803
2023-01-15,Product D,Category 1,8,52.95002326458471,423.60018611667766
2023-03-28,Product A,Category 1,6,61.33930211907344,368.0358127144406
2023-01-29,Product B,Category 1,1,64.97854511872926,64.97854511872926
2023-01-21,Product A,Category 2,4,97.2050338029361,388.8201352117444
2023-03-24,Product B,Category 3,8,24.556707516836752,196.45366013469402
2023-03-10,Product A,Category 3,2,34.515622239467916,69.03124447893583
2023-01-23,Product C,Category 2,1,73.86319431741192,73.86319431741192
2023-03-25,Product C,Category 2,9,31.5872184829209,284.2849663462881
2023-01-08,Product A,Category 2,2,88.41674459818452,176.83348919636904
2023-03-14,Product C,Category 2,8,41.188075809230675,329.5046064738454
2023-03-03,Product A,Category 1,8,26.27554599242372,210.20436793938975
2023-01-14,Product C,Category 3,7,14.285868476483664,100.00107933538564
2023-01-06,Product C,Category 2,1,63.603553628615494,63.603553628615494
2023-01-01,Product A,Category 2,6,84.27539705990965,505.6523823594579
2023-01-09,Product B,Category 3,6,34.64138000339121,207.84828002034726
2023-03-21,Product B,Category 2,7,92.57855376329383,648.0498763430568
2023-03-21,Product D,Category 1,6,78.19608431062044,469.1765058637226
2023-02-23,Product D,Category 1,4,15.517061424890626,62.0682456995625
2023-01-12,Product B,Category 1,4,61.53696970072749,246.14787880290996
2023-01-05,Product A,Category 2,9,61.069684629273915,549.6271616634652
2023-02-09,Product D,Category 3,4,28.21350744423822,112.85402977695288
2023-02-15,Product B,Category 2,4,40.108994079914936,160.43597631965974
2023-01-27,Product C,Category 3,4,51.245100422538606,204.98040169015442
2023-03-16,Product B,Category 1,7,14.32700391136766,100.28902737957362
2023-02-22,Product D,Category 1,5,23.479876835729907,117.39938417864954
2023-02-19,Product C,Category 3,3,24.760395019950284,74.28118505985086
2023-02-21,Product B,Category 2,6,44.13121790107518,264.7873074064511
2023-01-19,Product B,Category 2,2,77.26217128089223,154.52434256178447
2023-02-04,Product A,Category 2,9,84.8173293187533,763.3559638687797
2023-02-21,Product C,Category 1,9,24.656414141533496,221.90772727380147
2023-01-31,Product C,Category 2,6,77.67154324060928,466.0292594436557
2023-02-23,Product C,Category 3,9,70.36389625493524,633.2750662944172
2023-02-28,Product B,Category 2,4,90.16186527224905,360.6474610889962
2023-02-13,Product B,Category 2,1,97.19121285506547,97.19121285506547
2023-02-25,Product D,Category 3,7,21.201454792894694,148.41018355026284
2023-01-19,Product A,Category 3,4,17.260647527873502,69.04259011149401
2023-02-15,Product D,Category 1,2,81.97571160568084,163.95142321136169
2023-03-29,Product A,Category 1,8,24.59537857772726,196.76302862181808
2023-03-07,Product D,Category 2,9,27.51170718314862,247.60536464833757
2023-03-12,Product A,Category 2,4,89.38323302732442,357.5329321092977
2023-02-23,Product D,Category 1,8,94.50684073922724,756.054725913818
2023-02-18,Product B,Category 2,7,38.66241195306766,270.63688367147364
2023-03-01,Product A,Category 2,8,85.79512903941945,686.3610323153556
2023-03-22,Product C,Category 3,7,87.2971218607286,611.0798530251002
2023-01-27,Product A,Category 2,7,64.48514324518327,451.39600271628285
2023-02-05,Product D,Category 3,8,60.94796032568305,487.5836826054644
2023-02-28,Product B,Category 1,9,61.82545683210487,556.4291114889438
2023-02-19,Product A,Category 2,6,37.11602688784505,222.6961613270703
2023-03-15,Product C,Category 3,7,65.69803350450917,459.8862345315642
2023-02-14,Product C,Category 3,4,31.922224399771306,127.68889759908522
2023-01-14,Product C,Category 3,8,25.98690610680479,207.8952488544383
2023-03-12,Product B,Category 3,3,47.16554089816057,141.49662269448172
2023-02-08,Product C,Category 2,8,73.52023806859917,588.1619045487934
2023-02-09,Product A,Category 1,9,65.92849186163178,593.356426754686
2023-01-09,Product D,Category 3,3,96.83938714057322,290.5181614217197
2023-01-14,Product D,Category 1,4,68.18103202291502,272.7241280916601
2023-01-08,Product A,Category 3,2,22.71826448163284,45.43652896326568
2023-03-22,Product D,Category 3,9,24.509639196326624,220.5867527669396
2023-01-23,Product C,Category 3,2,18.37604260700489,36.75208521400978
2023-03-21,Product B,Category 1,1,27.20563884973117,27.20563884973117
2023-03-31,Product D,Category 1,1,63.815581061120895,63.815581061120895
2023-01-09,Product C,Category 1,6,85.44578275133338,512.6746965080004
2023-01-07,Product D,Category 2,2,90.44808868607116,180.89617737214232
2023-03-23,Product A,Category 1,6,46.003949801654365,276.0236988099262
2023-03-13,Product A,Category 2,1,60.27247257285086,60.27247257285086
2023-03-26,Product D,Category 2,4,82.8279632935732,331.3118531742928
2023-03-31,Product D,Category 1,9,38.086346907565215,342.7771221680869
2023-03-08,Product C,Category 3,1,63.610210399482554,63.610210399482554
2023-03-02,Product D,Category 3,9,25.667425994829912,231.0068339534692
2023-01-17,Product B,Category 2,5,52.88863064662852,264.4431532331426
2023-02-26,Product D,Category 3,7,25.57650343271215,179.03552402898507
2023-01-24,Product A,Category 3,1,51.6183751269231,51.6183751269231
2023-01-25,Product B,Category 2,2,45.71377225908216,91.42754451816432
2023-01-05,Product D,Category 1,8,48.9938341150444,391.9506729203552
2023-02-19,Product C,Category 2,3,31.93410034958662,95.80230104875986
2023-03-29,Product D,Category 1,7,22.24390081406555,155.70730569845887
2023-01-31,Product A,Category 1,4,34.809879512789706,139.23951805115883
2023-02-24,Product A,Category 2,5,31.562203531951823,157.8110176597591
2023-01-26,Product A,Category 3,5,76.08665823260047,380.43329116300237
2023-01-21,Product A,Category 1,6,74.52775656833914,447.16653941003483
2023-02-27,Product D,Category 2,1,62.603469438784515,62.603469438784515
2023-01-24,Product A,Category 2,1,18.220041835189768,18.220041835189768
2023-01-28,Product A,Category 2,9,60.963566885202965,548.6721019668266
2023-01-30,Product C,Category 1,7,17.1313323346538,119.9193263425766
2023-02-03,Product D,Category 3,7,11.635571734861404,81.44900214402983
2023-02-23,Product A,Category 3,5,41.733650362389014,208.66825181194508
2023-02-21,Product A,Category 2,9,31.649042715750948,284.8413844417585
2023-03-28,Product C,Category 1,1,63.51829132897383,63.51829132897383
2023-01-08,Product A,Category 3,8,93.57782392626524,748.6225914101219
2023-01-10,Product A,Category 2,6,74.78668249940729,448.7200949964438
2023-02-24,Product C,Category 3,7,79.06247757738883,553.4373430417219
2023-01-01,Product A,Category 3,4,95.58037993335604,382.32151973342417
2023-03-25,Product A,Category 1,1,67.0681972806911,67.0681972806911
2023-02-06,Product C,Category 2,5,61.9957847268843,309.9789236344215
2023-03-23,Product A,Category 3,3,64.16811783574377,192.50435350723131
2023-01-21,Product C,Category 3,2,87.92247309107194,175.84494618214387
2023-01-04,Product A,Category 1,8,44.928913168628654,359.43130534902923
2023-02-12,Product D,Category 1,2,81.58026028492036,163.1605205698407
2023-03-07,Product D,Category 3,1,68.70312414794452,68.70312414794452
2023-01-21,Product A,Category 1,3,37.41143957037671,112.23431871113013
2023-02-06,Product D,Category 1,8,11.231956988568252,89.85565590854601
2023-03-10,Product D,Category 2,9,28.892799107822796,260.03519197040515
2023-03-22,Product D,Category 2,9,72.9989888164175,656.9908993477575
2023-02-17,Product C,Category 3,1,62.172127877071134,62.172127877071134
2023-01-11,Product D,Category 3,7,34.71352298382574,242.9946608867802
2023-02-13,Product B,Category 3,6,49.087222426092154,294.5233345565529
2023-03-05,Product C,Category 1,5,69.50338890232717,347.51694451163587
2023-02-01,Product B,Category 2,8,21.43775264409073,171.50202115272583
2023-01-21,Product D,Category 3,5,48.90516227660948,244.5258113830474
2023-03-12,Product D,Category 2,1,47.49617934837815,47.49617934837815
2023-01-10,Product B,Category 1,7,58.834091810821654,411.8386426757516
2023-03-02,Product A,Category 2,5,56.97223121966456,284.8611560983228
2023-02-05,Product D,Category 1,7,43.09540165610646,301.66781159274524
2023-03-25,Product C,Category 3,5,78.64602659312916,393.2301329656458
2023-03-18,Product B,Category 1,1,16.05061359920924,16.05061359920924
2023-01-19,Product B,Category 1,3,13.198462528091145,39.59538758427344
2023-03-16,Product D,Category 1,9,47.82334056385378,430.41006507468404
2023-02-13,Product B,Category 1,8,90.70248251537329,725.6198601229863
2023-01-04,Product B,Category 3,9,34.98124154767022,314.831173929032
2023-01-13,Product C,Category 2,7,25.507839222788782,178.55487455952147
2023-02-28,Product A,Category 3,5,93.53875548964386,467.6937774482193
2023-01-02,Product A,Category 3,5,25.14009291243132,125.70046456215661
2023-01-01,Product B,Category 1,9,43.7356483042173,393.6208347379557
2023-02-09,Product A,Category 3,5,75.61139593028429,378.05697965142144
2023-01-25,Product B,Category 1,6,33.483160762984156,200.89896457790493
2023-02-28,Product A,Category 2,4,30.686457501431317,122.74583000572527
2023-02-06,Product A,Category 1,5,45.79005105383987,228.95025526919935
2023-03-11,Product C,Category 2,3,80.86283331371426,242.5884999411428
2023-01-07,Product B,Category 3,3,91.98850178462557,275.9655053538767
2023-01-04,Product C,Category 1,8,12.816327511879638,102.53062009503711
2023-02-10,Product D,Category 2,6,24.859731463472826,149.15838878083696
2023-03-02,Product A,Category 3,3,96.27411602322168,288.82234806966505
2023-02-03,Product D,Category 2,2,63.35121623940715,126.7024324788143
2023-01-29,Product B,Category 1,5,59.62692422384378,298.1346211192189
2023-03-10,Product B,Category 2,5,83.21893113555952,416.09465567779756
2023-01-27,Product B,Category 2,2,13.580496822560034,27.16099364512007
2023-02-21,Product D,Category 2,9,11.245262605567735,101.20736345010961
2023-03-15,Product D,Category 3,3,97.07446447314327,291.2233934194298
2023-02-23,Product B,Category 2,6,84.57136170154129,507.42817020924775
2023-03-11,Product B,Category 2,9,77.26436034024418,695.3792430621976
2023-02-03,Product D,Category 2,3,24.013069313038002,72.03920793911401
2023-01-08,Product B,Category 2,5,52.894353073893406,264.47176536946705
2023-03-14,Product A,Category 1,7,94.35641847092627,660.4949292964839
2023-03-26,Product B,Category 1,2,94.02396360615592,188.04792721231183
2023-01-08,Product A,Category 3,3,10.832239628157591,32.49671888447277
2023-03-09,Product C,Category 2,7,77.72422681055417,544.0695876738791
2023-03-27,Product D,Category 3,3,10.561398980203933,31.6841969406118
2023-03-09,Product A,Category 2,1,98.58715549035009,98.58715549035009
2023-03-26,Product D,Category 1,1,47.52704817961286,47.52704817961286
2023-03-13,Product D,Category 2,7,97.61668821820898,683.3168175274628
2023-03-25,Product C,Category 3,7,43.09721281275738,301.6804896893016
2023-01-01,Product B,Category 2,3,36.38685615160793,109.16056845482379
2023-01-06,Product A,Category 1,4,38.46627674511444,153.86510698045777
2023-01-31,Product A,Category 3,3,75.7611159974731,227.2833479924193
2023-03-15,Product A,Category 2,1,27.970555053717728,27.970555053717728
2023-03-25,Product C,Category 1,7,87.76519226133856,614.3563458293698
2023-01-08,Product B,Category 2,2,63.15154242640681,126.30308485281363
2023-01-22,Product D,Category 1,5,97.29199233543427,486.45996167717135
2023-01-09,Product D,Category 3,5,98.83764131375338,494.1882065687669
2023-02-13,Product A,Category 3,3,26.666380117193082,79.99914035157924
2023-02-16,Product D,Category 2,6,96.0203848218416,576.1223089310496
2023-01-01,Product C,Category 1,3,14.18846377412653,42.56539132237959
2023-02-21,Product A,Category 3,4,12.50773517107951,50.03094068431804
2023-02-08,Product A,Category 2,3,94.94781195956968,284.84343587870904
2023-03-31,Product A,Category 2,4,96.61570637049941,386.46282548199764
2023-03-16,Product A,Category 2,9,23.252290540479073,209.27061486431165
2023-03-29,Product C,Category 1,3,49.81742338500983,149.4522701550295
2023-03-25,Product D,Category 2,5,54.46832751893643,272.34163759468214
2023-01-27,Product B,Category 1,8,87.4253112866474,699.4024902931792
2023-03-20,Product B,Category 2,4,66.5125518876552,266.0502075506208
2023-02-02,Product A,Category 1,4,79.7109781781454,318.8439127125816
2023-03-12,Product C,Category 2,4,53.658716088816185,214.63486435526474
2023-02-14,Product B,Category 2,7,68.35723320176454,478.5006324123518
2023-03-01,Product B,Category 1,3,76.18684240232727,228.56052720698182
2023-02-27,Product D,Category 3,6,76.40931555255712,458.4558933153427
2023-02-20,Product A,Category 3,9,10.156404410620514,91.40763969558462
2023-02-15,Product D,Category 3,8,18.991726635705454,151.93381308564364
2023-01-05,Product D,Category 1,4,42.72943969939744,170.91775879758976
2023-02-27,Product A,Category 3,4,15.507770239318763,62.03108095727505
2023-01-18,Product C,Category 2,8,44.46907321309453,355.75258570475626
2023-02-05,Product D,Category 1,3,45.061016362497305,135.18304908749192
2023-03-08,Product B,Category 3,3,92.82101835499657,278.4630550649897
2023-01-21,Product A,Category 2,1,61.03646694052218,61.03646694052218
2023-02-15,Product C,Category 2,8,73.57161524802925,588.572921984234
2023-02-27,Product C,Category 1,1,89.84788138776055,89.84788138776055
2023-03-21,Product C,Category 3,6,49.79163885843856,298.7498331506314
2023-02-06,Product B,Category 2,5,10.176593013764398,50.88296506882199
2023-03-04,Product D,Category 3,9,35.68024221628724,321.12217994658516
2023-01-05,Product D,Category 2,7,83.27428300337382,582.9199810236167
2023-03-19,Product B,Category 2,5,91.16570528200673,455.82852641003365
2023-01-31,Product B,Category 1,2,41.6358623006399,83.2717246012798
2023-03-29,Product C,Category 3,7,36.459212768114355,255.2144893768005
2023-02-05,Product C,Category 2,6,93.205468996186,559.2328139771159
2023-03-15,Product D,Category 3,9,41.5966362384502,374.3697261460518
2023-02-25,Product A,Category 3,8,68.70206692689925,549.616535415194
2023-01-27,Product D,Category 3,5,35.2278311545507,176.1391557727535
2023-01-23,Product D,Category 1,3,18.812691891166736,56.43807567350021
2023-03-18,Product D,Category 2,3,55.11126806074121,165.33380418222362
2023-03-21,Product D,Category 3,1,93.09086534063508,93.09086534063508
2023-02-21,Product A,Category 1,2,65.67766785345745,131.3553357069149
2023-02-16,Product B,Category 3,5,28.794396230536094,143.97198115268048
2023-03-22,Product D,Category 1,5,71.41866160308517,357.09330801542586
2023-03-03,Product B,Category 3,4,79.15250296878693,316.61001187514773
2023-03-02,Product A,Category 3,1,38.86845057234629,38.86845057234629
2023-02-17,Product B,Category 3,6,60.32884612879347,361.9730767727608
2023-01-01,Product A,Category 1,9,71.37578183205903,642.3820364885313
2023-01-11,Product A,Category 1,9,24.431783084243936,219.88604775819542
2023-03-17,Product D,Category 2,8,96.76908457952162,774.1526766361729
2023-01-14,Product A,Category 2,3,50.61267653048577,151.8380295914573
2023-03-13,Product C,Category 1,6,98.16979514248597,589.0187708549158
2023-01-07,Product B,Category 2,2,27.061647926004557,54.123295852009115
2023-02-15,Product D,Category 1,6,53.539619167868,321.23771500720795
2023-01-31,Product C,Category 1,3,24.926828830825393,74.78048649247617
2023-01-16,Product B,Category 1,2,10.916274014554482,21.832548029108963
2023-02-11,Product C,Category 2,3,31.408765531768246,94.22629659530475
2023-02-08,Product D,Category 3,7,46.2868603361275,324.0080223528925
2023-02-23,Product B,Category 2,8,48.80176639518121,390.4141311614497
2023-02-13,Product B,Category 3,5,89.78546395937842,448.9273197968921
2023-03-24,Product A,Category 2,7,67.21095374927577,470.47667624493045
2023-01-08,Product C,Category 3,2,49.099748969667715,98.19949793933543
2023-03-07,Product C,Category 3,6,98.91979296488314,593.5187577892989
2023-02-11,Product B,Category 1,8,65.28018984640171,522.2415187712137
2023-03-08,Product C,Category 2,6,39.03966684864744,234.23800109188466
2023-03-20,Product B,Category 3,5,72.21797930897152,361.0898965448576
2023-02-01,Product B,Category 2,9,54.61299304147046,491.51693737323416
2023-02-20,Product A,Category 1,3,89.30509246613549,267.9152773984065
2023-02-16,Product B,Category 1,7,90.68601358569892,634.8020950998924
2023-02-03,Product C,Category 3,2,43.061536010905265,86.12307202181053
2023-01-13,Product D,Category 1,9,60.61051457741297,545.4946311967167
2023-03-22,Product A,Category 2,8,33.91960996416749,271.35687971333994
2023-03-08,Product D,Category 1,2,66.3973076568295,132.794615313659
2023-03-14,Product B,Category 1,2,99.31122660877072,198.62245321754145
2023-01-11,Product A,Category 1,2,84.93296660399655,169.8659332079931
2023-01-28,Product A,Category 1,8,42.976891027254275,343.8151282180342
2023-02-26,Product B,Category 2,9,18.584231679414323,167.2580851147289
2023-03-07,Product C,Category 2,4,97.00137886361628,388.0055154544651
2023-03-06,Product B,Category 3,6,45.06263008099482,270.3757804859689
2023-03-11,Product B,Category 1,2,36.40428039401336,72.80856078802672
2023-03-30,Product B,Category 3,2,38.47018536150108,76.94037072300216
2023-02-04,Product B,Category 3,1,54.0931029974962,54.0931029974962
2023-03-21,Product B,Category 2,8,96.10762588741005,768.8610070992804
2023-01-04,Product C,Category 1,7,98.79600892001422,691.5720624400996
2023-03-02,Product A,Category 1,3,36.6514054617156,109.9542163851468
2023-02-07,Product C,Category 2,7,41.63218369727366,291.4252858809156
2023-02-13,Product B,Category 2,5,56.062590405943325,280.3129520297166
2023-03-25,Product A,Category 2,2,10.736855976676235,21.47371195335247
2023-03-30,Product A,Category 1,1,25.735290691969823,25.735290691969823
2023-03-12,Product A,Category 3,5,94.24531184543257,471.22655922716285
2023-01-21,Product D,Category 3,5,12.649171335522507,63.24585667761254
2023-01-07,Product C,Category 1,8,19.087865174848943,152.70292139879155
2023-01-29,Product C,Category 3,1,47.85823153303469,47.85823153303469
2023-01-07,Product C,Category 1,1,75.83052242431108,75.83052242431108
2023-03-08,Product B,Category 1,8,34.19904073513137,273.59232588105095
2023-03-11,Product C,Category 2,1,37.53690314985019,37.53690314985019
2023-03-15,Product D,Category 1,7,37.49256821119481,262.44797747836367
2023-02-24,Product D,Category 2,5,88.53417340782458,442.6708670391229
2023-03-19,Product C,Category 2,7,30.348784560467614,212.4414919232733
2023-01-22,Product D,Category 3,8,60.61616434118713,484.92931472949704
2023-02-01,Product C,Category 2,7,99.99380323169345,699.9566226218542
2023-03-23,Product D,Category 3,7,75.56189454037164,528.9332617826014
2023-02-05,Product A,Category 1,7,40.27155897672334,281.9009128370634
2023-01-09,Product A,Category 3,1,78.89130732991686,78.89130732991686
2023-01-26,Product B,Category 3,8,95.8524136647048,766.8193093176384
2023-01-22,Product A,Category 3,6,43.61840264373259,261.7104158623955
2023-02-15,Product B,Category 1,3,73.72101160623976,221.16303481871927
2023-03-28,Product A,Category 1,3,16.822383680745023,50.46715104223507
2023-01-17,Product D,Category 2,5,90.57671530787276,452.8835765393638
2023-01-26,Product B,Category 1,1,18.66310521618808,18.66310521618808
2023-02-07,Product D,Category 2,5,43.56325866354352,217.81629331771762
2023-01-02,Product D,Category 1,8,58.825525857601214,470.6042068608097
2023-01-06,Product B,Category 3,4,33.7219878205197,134.8879512820788
2023-03-12,Product A,Category 2,9,68.43423933884598,615.9081540496138
2023-01-13,Product A,Category 1,7,59.89858546531703,419.29009825721926
2023-03-16,Product D,Category 1,7,74.54667162682955,521.8267013878069
2023-02-24,Product C,Category 1,6,41.87254286099447,251.23525716596683
2023-03-20,Product C,Category 3,3,59.141250068740604,177.42375020622183
2023-03-04,Product B,Category 2,7,83.09668601631061,581.6768021141743
2023-03-14,Product D,Category 2,7,82.96267114013101,580.7386979809171
2023-03-13,Product B,Category 2,6,74.28159773666934,445.68958642001604
2023-02-15,Product B,Category 1,1,58.77423006534815,58.77423006534815
2023-01-06,Product A,Category 2,3,70.59349906970458,211.78049720911372
2023-02-17,Product A,Category 2,2,17.81922611008457,35.63845222016914
2023-03-01,Product D,Category 1,7,52.41854806396593,366.9298364477615
2023-02-12,Product C,Category 1,2,87.4129150274184,174.8258300548368
2023-03-09,Product A,Category 1,5,64.66283395539782,323.31416977698905
2023-01-11,Product B,Category 1,3,94.7514795242581,284.2544385727743
2023-02-27,Product C,Category 3,2,33.59606691646728,67.19213383293456
2023-03-31,Product A,Category 3,6,18.667162189969787,112.00297313981872
2023-01-04,Product B,Category 2,3,66.3952092043498,199.1856276130494
2023-03-20,Product A,Category 3,2,18.183333683834235,36.36666736766847
2023-03-24,Product A,Category 1,6,80.39218270819744,482.35309624918466
2023-03-11,Product A,Category 3,3,33.10681673341515,99.32045020024546
2023-02-28,Product B,Category 1,7,58.48766725992909,409.41367081950364
2023-01-05,Product B,Category 3,7,83.02393362714513,581.1675353900159
2023-01-18,Product A,Category 1,3,80.923183183027,242.76954954908103
2023-03-11,Product B,Category 2,1,54.637752437128775,54.637752437128775
2023-03-05,Product A,Category 2,5,97.82617719839254,489.1308859919627
2023-01-25,Product D,Category 3,6,54.78698413817566,328.721904829054
2023-01-04,Product C,Category 1,8,35.09122750219499,280.7298200175599
2023-03-11,Product B,Category 2,4,37.21881200965181,148.87524803860725
2023-02-10,Product A,Category 1,7,76.92784514895432,538.4949160426802
2023-02-06,Product A,Category 3,6,49.33963350015343,296.0378010009206
2023-02-28,Product D,Category 1,6,47.69096363069412,286.14578178416474
2023-02-19,Product A,Category 1,3,11.843793574294102,35.531380722882304
2023-02-25,Product C,Category 3,1,37.475034437894436,37.475034437894436
2023-01-25,Product B,Category 2,6,87.43447718574461,524.6068631144676
2023-02-03,Product D,Category 3,2,82.31540484044322,164.63080968088644
2023-01-19,Product A,Category 1,4,77.1859773984394,308.7439095937576
2023-03-20,Product A,Category 3,1,12.081554800814793,12.081554800814793
2023-01-08,Product A,Category 3,8,12.429126228852386,99.43300983081909
2023-02-23,Product D,Category 1,2,38.03184634517943,76.06369269035886
2023-02-16,Product B,Category 3,4,52.700794499631996,210.80317799852799
2023-02-03,Product C,Category 2,7,91.87671411876428,643.13699883135
2023-03-23,Product C,Category 2,6,44.61668344049854,267.70010064299123
2023-01-30,Product A,Category 3,7,35.967250257660346,251.77075180362243
2023-01-13,Product A,Category 1,7,61.403767147424134,429.82637003196896
2023-02-16,Product B,Category 3,2,92.3224869594725,184.644973918945
2023-02-02,Product A,Category 3,6,76.4774840316025,458.864904189615
2023-02-04,Product C,Category 2,5,87.09996537813794,435.4998268906897
2023-03-29,Product B,Category 2,8,26.397788043072964,211.1823043445837
2023-01-26,Product D,Category 1,7,21.309800078241317,149.1686005476892
2023-02-16,Product D,Category 1,4,58.96640203200036,235.86560812800144
2023-02-22,Product B,Category 1,3,72.7633743145525,218.29012294365748
2023-03-06,Product A,Category 3,4,95.94892433462786,383.79569733851145
2023-03-18,Product C,Category 3,7,43.4380967610831,304.0666773275817
2023-03-15,Product B,Category 3,6,41.190116698332695,247.14070018999615
2023-01-19,Product B,Category 3,8,56.426886811142616,451.4150944891409
2023-01-05,Product A,Category 1,8,71.64441430360381,573.1553144288305
2023-01-08,Product C,Category 1,7,60.94213994037729,426.59497958264103
2023-01-04,Product C,Category 1,7,75.07276239993365,525.5093367995355
2023-02-18,Product D,Category 3,6,44.22834434012414,265.37006604074486
2023-03-18,Product D,Category 3,9,87.59778671667175,788.3800804500457
2023-02-07,Product B,Category 1,6,26.46780342255638,158.80682053533826
2023-02-18,Product C,Category 2,4,38.43141785454952,153.7256714181981
2023-03-24,Product A,Category 1,8,79.63098973932857,637.0479179146286
2023-02-21,Product A,Category 3,3,40.21050285814562,120.63150857443685
2023-02-19,Product B,Category 3,8,70.13391421330138,561.071313706411
2023-03-13,Product B,Category 1,3,35.90178483456646,107.7053545036994
2023-02-19,Product C,Category 2,6,26.83939081899635,161.0363449139781
2023-01-30,Product A,Category 2,1,37.06593075578384,37.06593075578384
2023-01-04,Product D,Category 3,3,89.8293967334092,269.48819020022756
2023-03-16,Product D,Category 3,9,51.47948158225408,463.31533424028675
2023-03-26,Product D,Category 3,2,30.287363836440566,60.57472767288113
2023-03-07,Product C,Category 1,9,38.92947302485396,350.36525722368566
2023-01-21,Product C,Category 3,3,10.249386096311374,30.74815828893412
2023-03-22,Product B,Category 3,9,78.02274589813258,702.2047130831933
2023-02-12,Product A,Category 3,7,30.31097071895217,212.17679503266518
2023-01-29,Product D,Category 2,9,63.812893624345215,574.316042619107
2023-01-27,Product A,Category 2,4,12.259858435942881,49.039433743771525
2023-03-29,Product C,Category 3,7,85.10485887761658,595.734012143316
2023-02-22,Product A,Category 2,5,26.870027827271965,134.35013913635981
2023-02-18,Product D,Category 2,1,10.429153998784297,10.429153998784297
2023-03-08,Product A,Category 2,7,37.1069027528883,259.74831927021813
2023-01-10,Product D,Category 2,7,92.84384069535446,649.9068848674813
2023-01-03,Product C,Category 1,4,33.63527962401722,134.5411184960689
2023-03-31,Product B,Category 2,5,55.31309543061202,276.5654771530601
2023-03-10,Product D,Category 2,9,46.650685992193395,419.8561739297406
2023-01-11,Product B,Category 2,7,36.482433249887805,255.37703274921464
2023-01-13,Product D,Category 2,1,93.46182207414138,93.46182207414138
2023-02-07,Product B,Category 1,1,81.0095417248354,81.0095417248354
2023-02-09,Product C,Category 1,4,78.57219838364715,314.2887935345886
2023-02-02,Product A,Category 3,6,57.34964120331158,344.09784721986944
2023-02-03,Product D,Category 2,8,84.23755063568535,673.9004050854828
2023-01-27,Product D,Category 2,1,51.25857923901283,51.25857923901283
2023-03-31,Product D,Category 3,9,51.86705954244001,466.8035358819601
2023-02-20,Product C,Category 1,1,54.43966570721174,54.43966570721174
2023-03-30,Product D,Category 3,2,31.321920270211386,62.64384054042277
2023-03-24,Product C,Category 1,5,93.1286673448291,465.64333672414546
2023-01-21,Product B,Category 3,1,33.28756073906943,33.28756073906943
2023-01-29,Product A,Category 3,3,27.834354994551852,83.50306498365555
2023-03-14,Product B,Category 2,5,31.93766139984267,159.68830699921335
2023-01-19,Product A,Category 3,9,83.56169049093451,752.0552144184106
2023-01-26,Product A,Category 1,3,79.16910739087255,237.50732217261765
2023-01-25,Product B,Category 1,3,48.439612761046135,145.3188382831384
2023-02-09,Product D,Category 3,8,11.240371416212426,89.92297132969941
2023-01-29,Product D,Category 1,7,97.81615299257972,684.713070948058
2023-01-25,Product B,Category 3,4,21.927787974132702,87.71115189653081
2023-01-19,Product C,Category 2,3,86.62804089330155,259.88412267990464
2023-03-09,Product A,Category 2,7,80.35507779676772,562.485544577374
2023-02-14,Product A,Category 2,6,94.42682035402285,566.560922124137
2023-03-25,Product A,Category 2,5,79.60586851767599,398.0293425883799
2023-02-15,Product A,Category 3,4,39.823443174432576,159.2937726977303
2023-02-24,Product A,Category 1,4,30.87226390727525,123.489055629101
2023-01-01,Product D,Category 3,8,43.99217383657734,351.9373906926187
2023-01-11,Product C,Category 1,5,28.277845346500712,141.38922673250357
2023-03-09,Product A,Category 3,5,74.76172729704557,373.80863648522785
2023-01-07,Product C,Category 1,6,84.38667692446995,506.3200615468197
2023-02-27,Product B,Category 1,5,68.17950031575234,340.89750157876165
2023-03-12,Product C,Category 3,2,26.74834581781919,53.49669163563838
2023-01-20,Product D,Category 2,2,13.364623992578114,26.729247985156228
2023-02-04,Product C,Category 3,8,62.2361140171268,497.8889121370144
2023-02-20,Product C,Category 2,1,51.640579457165224,51.640579457165224
2023-01-21,Product B,Category 3,1,27.973353537912914,27.973353537912914
2023-02-13,Product A,Category 1,6,43.1275511998262,258.7653071989572
2023-01-01,Product C,Category 2,8,58.73196300480579,469.85570403844633
2023-03-08,Product D,Category 1,1,66.96254010489216,66.96254010489216
2023-01-13,Product B,Category 1,6,52.89793997885364,317.3876398731219
2023-01-16,Product C,Category 1,3,97.42535395618671,292.27606186856013
2023-02-03,Product C,Category 3,1,14.160376042377042,14.160376042377042
2023-01-24,Product B,Category 1,8,69.23871217242086,553.9096973793669
2023-01-13,Product D,Category 3,6,91.86021116090431,551.1612669654259
2023-01-06,Product D,Category 2,1,31.290779000190252,31.290779000190252
2023-02-08,Product D,Category 1,4,29.23364692622239,116.93458770488957
2023-01-02,Product C,Category 2,6,78.60095267343239,471.6057160405943
2023-01-11,Product C,Category 2,4,53.77364146947124,215.09456587788495
2023-01-07,Product D,Category 3,3,99.29597560280938,297.8879268084281
2023-01-07,Product A,Category 2,3,63.021125844254094,189.06337753276227
2023-02-08,Product D,Category 3,1,93.10977401391935,93.10977401391935
2023-03-17,Product B,Category 3,9,11.098946769707972,99.89052092737174
2023-03-27,Product C,Category 2,4,23.90856584281346,95.63426337125384
2023-02-20,Product B,Category 2,7,71.59771402764306,501.18399819350145
2023-02-21,Product B,Category 2,5,47.48197329077014,237.40986645385073
2023-01-03,Product A,Category 3,4,85.23681124860822,340.9472449944329
2023-03-18,Product A,Category 3,5,48.60082833008663,243.00414165043316
2023-01-30,Product D,Category 2,2,74.16970267194871,148.33940534389743
2023-01-10,Product A,Category 3,1,60.954401533011236,60.954401533011236
2023-03-14,Product C,Category 2,2,20.791321059576056,41.58264211915211
2023-01-06,Product C,Category 3,2,74.61560860363292,149.23121720726584
2023-02-23,Product C,Category 3,8,73.57346212129283,588.5876969703427
2023-03-07,Product C,Category 1,3,20.414633609189323,61.24390082756797
2023-02-13,Product C,Category 1,8,60.57203120269561,484.5762496215649
2023-03-21,Product D,Category 2,1,40.20850157938465,40.20850157938465
2023-03-04,Product C,Category 1,2,51.296480384119796,102.59296076823959
2023-03-18,Product D,Category 3,9,48.04828237276983,432.4345413549285
2023-02-17,Product B,Category 2,1,19.429696382426975,19.429696382426975
2023-03-18,Product B,Category 1,4,24.22206876621518,96.88827506486072
2023-01-22,Product A,Category 2,6,17.81277545292852,106.87665271757112
2023-01-19,Product C,Category 2,2,27.32023122430257,54.64046244860514
2023-03-31,Product B,Category 3,3,86.7199947847971,260.15998435439127
2023-01-14,Product D,Category 1,2,12.20703843366396,24.41407686732792
2023-03-27,Product D,Category 3,5,48.84555252581704,244.2277626290852
2023-01-07,Product D,Category 2,8,82.08427498327816,656.6741998662253
2023-02-18,Product A,Category 2,9,19.023238407465108,171.20914566718596
2023-02-10,Product D,Category 2,5,30.494223114306816,152.47111557153409
2023-01-27,Product A,Category 1,5,75.46957368024582,377.3478684012291
2023-01-31,Product D,Category 3,7,68.27971893340174,477.9580325338122
2023-01-06,Product A,Category 3,6,60.672145304364946,364.03287182618965
2023-01-16,Product A,Category 1,2,25.447673496536268,50.895346993072536
2023-03-05,Product B,Category 3,1,81.5077910769279,81.5077910769279
2023-02-07,Product B,Category 3,2,22.727270069316646,45.45454013863329
2023-03-01,Product D,Category 2,1,22.13181052507578,22.13181052507578
2023-03-22,Product B,Category 2,4,81.5531539873019,326.2126159492076
2023-02-02,Product A,Category 2,6,43.23009950956678,259.3805970574007
2023-03-04,Product A,Category 1,6,38.13554043310121,228.81324259860727
2023-01-11,Product C,Category 2,7,35.08048461792128,245.56339232544894
2023-01-13,Product C,Category 3,3,39.247489573084124,117.74246871925237
2023-03-06,Product A,Category 1,6,40.65288397368447,243.9173038421068
2023-01-30,Product B,Category 3,8,72.67309242458856,581.3847393967085
2023-01-23,Product A,Category 1,6,31.623598103614526,189.74158862168716
2023-01-20,Product D,Category 3,9,39.27938081265144,353.51442731386294
2023-01-06,Product C,Category 1,2,79.85903576230595,159.7180715246119
2023-02-06,Product C,Category 3,6,92.18355159823409,553.1013095894045
2023-03-25,Product B,Category 2,9,65.15523732055891,586.3971358850301
2023-01-06,Product A,Category 1,2,19.460640651652632,38.921281303305264
2023-03-18,Product C,Category 3,5,58.74261946377606,293.7130973188803
2023-01-27,Product B,Category 3,1,66.50009868019657,66.50009868019657
2023-03-25,Product C,Category 3,3,38.26474273062527,114.79422819187582
2023-01-13,Product B,Category 3,1,84.52003356342075,84.52003356342075
2023-01-08,Product C,Category 2,8,80.38709296814604,643.0967437451683
2023-02-22,Product D,Category 2,4,61.7776036048261,247.1104144193044
2023-03-22,Product C,Category 1,9,23.051403048440072,207.46262743596066
2023-01-30,Product A,Category 1,8,72.76433191156825,582.114655292546
2023-01-01,Product B,Category 3,8,90.581379745737,724.651037965896
2023-03-29,Product B,Category 1,9,32.50909987959127,292.5818989163214
2023-03-21,Product C,Category 3,2,96.28173061156073,192.56346122312146
2023-03-16,Product A,Category 1,9,79.41721573272552,714.7549415945297
2023-01-04,Product C,Category 1,1,37.02894173012011,37.02894173012011
2023-03-03,Product C,Category 3,8,65.51390117004236,524.1112093603389
2023-03-09,Product C,Category 2,8,37.7063138872625,301.6505110981
2023-01-17,Product D,Category 3,7,18.952108848450465,132.66476193915327
2023-03-15,Product B,Category 2,6,84.1733802658617,505.0402815951702
2023-03-26,Product A,Category 1,9,69.9226331058129,629.3036979523162
2023-02-26,Product D,Category 2,6,65.26005861526497,391.5603516915898
2023-03-04,Product D,Category 3,5,22.795559264191006,113.97779632095504
2023-02-26,Product C,Category 1,1,43.963940185281736,43.963940185281736
2023-02-18,Product C,Category 2,2,88.897247200442,177.794494400884
2023-01-18,Product C,Category 2,9,24.697401469921566,222.2766132292941
2023-02-27,Product B,Category 3,1,14.311259829740667,14.311259829740667
2023-01-10,Product C,Category 1,4,27.203632920115776,108.8145316804631
2023-03-04,Product D,Category 1,8,32.516200645737754,260.12960516590203
2023-03-21,Product B,Category 2,4,80.52782713892951,322.11130855571804
2023-03-20,Product D,Category 2,8,68.33273240703983,546.6618592563186
2023-02-03,Product B,Category 2,6,11.560847212584296,69.36508327550578
2023-01-05,Product B,Category 1,4,11.556068746707698,46.22427498683079
2023-01-17,Product B,Category 2,9,61.02067859200499,549.186107328045
2023-03-13,Product D,Category 2,4,66.99631981404599,267.98527925618396
2023-03-04,Product B,Category 1,2,21.287969282399857,42.57593856479971
2023-01-24,Product D,Category 1,4,64.94159368752034,259.76637475008135
2023-01-08,Product A,Category 3,4,31.631671937758608,126.52668775103443
2023-01-23,Product D,Category 1,1,40.304920821449244,40.304920821449244
2023-01-31,Product D,Category 1,8,46.79484223459072,374.35873787672574
2023-03-22,Product B,Category 3,3,20.45753166108517,61.37259498325551
2023-01-28,Product B,Category 1,1,96.67842449004596,96.67842449004596
2023-02-17,Product C,Category 3,7,97.63880082648049,683.4716057853634
2023-01-12,Product A,Category 1,7,50.05015201804667,350.35106412632666
2023-03-29,Product A,Category 3,8,33.17198302722472,265.37586421779775
2023-03-20,Product C,Category 2,8,96.27350018727802,770.1880014982241
2023-01-31,Product D,Category 2,2,83.62516568924717,167.25033137849434
2023-02-04,Product D,Category 2,3,75.18057450024088,225.54172350072264
2023-02-24,Product B,Category 3,9,51.56306085498753,464.0675476948878
2023-03-23,Product A,Category 2,6,46.95208312970549,281.71249877823294
2023-02-05,Product B,Category 1,2,80.14143450491666,160.28286900983332
2023-03-13,Product C,Category 3,8,56.7652309988164,454.1218479905312
2023-03-01,Product A,Category 1,4,69.45239249387274,277.80956997549094
2023-02-07,Product B,Category 1,2,60.95736834475707,121.91473668951414
2023-03-10,Product A,Category 1,7,74.09668664362266,518.6768065053586
2023-02-23,Product A,Category 3,9,18.469450367056083,166.22505330350475
2023-01-14,Product B,Category 1,3,43.98589833722081,131.95769501166242
2023-01-20,Product B,Category 2,8,25.03802696588786,200.30421572710287
2023-01-09,Product A,Category 3,9,31.783951002118204,286.0555590190638
2023-03-23,Product C,Category 2,7,28.07418488843627,196.5192942190539
2023-03-11,Product D,Category 3,9,55.29900693734787,497.69106243613084
2023-01-02,Product A,Category 1,6,11.709368965892683,70.2562137953561
2023-01-30,Product C,Category 2,1,96.75708418075997,96.75708418075997
2023-01-06,Product A,Category 3,1,56.70674437686141,56.70674437686141
2023-03-22,Product B,Category 1,5,14.731436278395009,73.65718139197504
2023-02-10,Product C,Category 1,7,71.38484563255832,499.69391942790827
2023-01-23,Product C,Category 3,1,34.19992450880889,34.19992450880889
2023-01-31,Product A,Category 3,5,19.609083332958683,98.04541666479341
2023-01-20,Product D,Category 3,3,84.72733173774954,254.18199521324863
2023-01-05,Product A,Category 3,3,27.811684262289177,83.43505278686753
2023-01-21,Product D,Category 2,5,19.427884197366822,97.13942098683411
2023-03-16,Product C,Category 3,8,15.121580734344878,120.97264587475902
2023-03-09,Product D,Category 1,2,75.57019691807503,151.14039383615005
2023-03-28,Product B,Category 2,7,68.97441225904912,482.8208858133438
2023-03-02,Product D,Category 1,5,10.737922652746667,53.689613263733335
2023-02-11,Product D,Category 1,7,29.93324864034733,209.5327404824313
2023-02-10,Product C,Category 3,9,73.42138280050746,660.7924452045671
2023-03-02,Product D,Category 2,7,23.692676923355712,165.84873846348998
2023-03-23,Product C,Category 3,3,61.90757048135481,185.72271144406443
2023-02-21,Product B,Category 1,8,29.184082007689657,233.47265606151726
2023-02-10,Product B,Category 3,5,50.431085632970856,252.15542816485427
2023-03-01,Product A,Category 3,1,88.0680755621603,88.0680755621603
2023-01-30,Product A,Category 3,2,37.23367845708874,74.46735691417749
2023-02-07,Product A,Category 3,7,71.73751509327082,502.1626056528957
2023-03-30,Product B,Category 3,5,49.445310950452104,247.2265547522605
2023-01-17,Product D,Category 3,1,18.653972887133946,18.653972887133946
2023-02-09,Product C,Category 2,1,42.457149428662085,42.457149428662085
2023-01-30,Product B,Category 3,3,85.71520597132968,257.14561791398904
2023-03-07,Product D,Category 2,8,97.57416180414054,780.5932944331244
2023-01-24,Product A,Category 3,7,86.05735035544048,602.4014524880834
2023-03-14,Product C,Category 2,7,24.60055516961956,172.20388618733693
2023-01-01,Product A,Category 1,8,41.09583686041762,328.76669488334096
2023-03-29,Product C,Category 2,8,84.80693427460751,678.4554741968601
2023-02-07,Product D,Category 2,1,59.850634095618894,59.850634095618894
2023-03-05,Product B,Category 1,5,79.85672174029673,399.2836087014837
2023-01-27,Product A,Category 3,2,80.0004939955111,160.0009879910222
2023-03-31,Product B,Category 3,5,16.397911056710765,81.98955528355383
2023-03-31,Product D,Category 2,6,40.81659090409208,244.89954542455249
2023-01-07,Product D,Category 3,1,53.111935490767046,53.111935490767046
2023-03-30,Product D,Category 3,7,95.07022494223492,665.4915745956444
2023-03-21,Product B,Category 1,5,90.84059209144039,454.2029604572019
2023-02-11,Product B,Category 3,5,48.07287846380978,240.3643923190489
2023-01-18,Product C,Category 3,2,18.609933473822352,37.219866947644704
2023-03-22,Product B,Category 2,8,46.40880581923436,371.2704465538749
2023-02-13,Product B,Category 3,1,58.23129993771527,58.23129993771527
2023-03-11,Product D,Category 3,2,91.39574722591281,182.79149445182563
2023-01-20,Product C,Category 2,3,36.539134042709534,109.6174021281286
2023-01-23,Product B,Category 2,9,37.797773110208865,340.1799579918798
2023-01-12,Product B,Category 2,8,66.4464911093057,531.5719288744456
2023-01-12,Product D,Category 3,9,55.46723995642411,499.205159607817
2023-02-03,Product B,Category 3,1,27.628206315292587,27.628206315292587
2023-01-08,Product D,Category 3,1,23.025452395832144,23.025452395832144
2023-01-27,Product C,Category 3,1,54.05474888248119,54.05474888248119
2023-02-18,Product D,Category 3,3,80.14518607602524,240.4355582280757
2023-03-13,Product D,Category 3,7,80.09481264011087,560.6636884807762
2023-02-24,Product C,Category 2,9,97.82233185885316,880.4009867296785
2023-03-24,Product A,Category 2,4,44.44463783421952,177.77855133687808
2023-03-29,Product D,Category 3,8,45.27903941292349,362.2323153033879
2023-01-22,Product B,Category 1,4,10.16375453024763,40.65501812099052
2023-01-03,Product D,Category 2,4,84.69256286759403,338.77025147037614
2023-01-09,Product C,Category 3,6,68.19655996612457,409.1793597967474
2023-01-11,Product B,Category 2,6,79.29299068587018,475.7579441152211
2023-01-06,Product C,Category 1,5,52.356087995032276,261.78043997516136
2023-02-08,Product D,Category 2,9,92.81741397767783,835.3567257991004
2023-02-08,Product C,Category 2,3,12.620241804944296,37.860725414832885
2023-03-07,Product C,Category 2,9,20.37530644640995,183.37775801768956
2023-03-01,Product A,Category 2,6,43.84156014743528,263.0493608846117
2023-02-06,Product D,Category 3,8,17.659531730221488,141.2762538417719
2023-01-06,Product D,Category 1,6,17.909909376856472,107.45945626113883
2023-01-06,Product D,Category 3,5,61.01854114154906,305.09270570774527
2023-02-08,Product D,Category 2,5,29.450981761292574,147.25490880646288
2023-02-05,Product B,Category 2,8,66.38816895014165,531.1053516011332
2023-03-30,Product C,Category 2,9,93.64598399307323,842.8138559376591
2023-02-19,Product D,Category 1,9,84.14939887328163,757.3445898595346
2023-03-21,Product B,Category 1,6,32.35873487984274,194.15240927905646
2023-03-26,Product D,Category 3,7,18.06966335001907,126.48764345013349
2023-01-10,Product C,Category 2,7,95.51732213943282,668.6212549760297
2023-01-05,Product D,Category 1,4,99.50463382359924,398.01853529439694
2023-02-19,Product B,Category 2,7,43.70454095186613,305.9317866630629
2023-01-25,Product B,Category 3,1,51.46095350283049,51.46095350283049
2023-01-03,Product C,Category 3,6,23.080029519705988,138.48017711823593
2023-03-25,Product D,Category 1,7,73.91627134999132,517.4138994499392
2023-01-04,Product B,Category 3,6,47.96502461675568,287.7901477005341
2023-03-19,Product A,Category 1,5,82.27136307289683,411.3568153644842
2023-01-12,Product D,Category 2,4,61.956704028211334,247.82681611284534
2023-01-14,Product A,Category 1,1,13.850542824997035,13.850542824997035
2023-03-23,Product B,Category 3,6,40.14590864532377,240.87545187194263
2023-01-27,Product B,Category 2,2,82.77365536031382,165.54731072062765
2023-03-12,Product C,Category 3,6,71.93024932455342,431.5814959473205
2023-02-17,Product C,Category 2,2,66.9278752641024,133.8557505282048
2023-01-22,Product D,Category 2,2,70.52541780844703,141.05083561689406
2023-01-21,Product B,Category 2,9,64.45331880612383,580.0798692551145
2023-02-12,Product B,Category 2,8,67.7011893928817,541.6095151430536
2023-02-27,Product B,Category 3,4,65.83789941767839,263.35159767071355
2023-01-18,Product B,Category 1,6,58.00851455541925,348.05108733251546
2023-03-31,Product A,Category 2,3,78.19724128846718,234.59172386540155
2023-03-27,Product B,Category 3,7,43.25433071691087,302.7803150183761
2023-02-25,Product C,Category 3,4,52.77145047764514,211.08580191058056
2023-03-10,Product D,Category 3,9,46.130460122772085,415.1741411049488
2023-01-12,Product D,Category 1,5,28.82894420097347,144.14472100486736
2023-01-20,Product D,Category 3,9,38.97000662498959,350.7300596249063
2023-01-12,Product A,Category 3,1,14.95135698489106,14.95135698489106
2023-01-26,Product B,Category 1,9,39.29748705303497,353.6773834773147
2023-02-15,Product D,Category 3,5,45.152478363981615,225.7623918199081
2023-01-07,Product C,Category 3,1,18.404568788394144,18.404568788394144
2023-03-31,Product A,Category 1,6,29.840961674088703,179.04577004453222
2023-03-30,Product B,Category 1,6,32.45875726985569,194.75254361913414
2023-02-08,Product B,Category 1,3,30.472318738781993,91.41695621634598
2023-02-21,Product B,Category 2,5,41.51995313715543,207.59976568577716
2023-01-17,Product B,Category 1,9,23.038849456297648,207.34964510667882
2023-01-24,Product A,Category 2,9,75.83512211600045,682.516099044004
2023-01-04,Product C,Category 2,5,40.838936978597786,204.19468489298893
2023-02-16,Product B,Category 1,2,21.012871061952815,42.02574212390563
2023-01-30,Product A,Category 2,9,63.42398031941046,570.8158228746942
2023-01-03,Product A,Category 3,9,26.168335760568045,235.51502184511241
2023-01-06,Product C,Category 3,9,15.225068860992437,137.02561974893194
2023-03-13,Product A,Category 1,4,24.696292782226855,98.78517112890742
2023-01-16,Product A,Category 2,4,47.79953308442277,191.19813233769108
2023-03-20,Product D,Category 3,3,72.41580747346921,217.24742242040764
2023-02-05,Product D,Category 2,6,67.7350796294134,406.41047777648043
2023-02-22,Product C,Category 2,8,10.468538142384263,83.7483051390741
2023-01-08,Product D,Category 3,6,81.39615872626774,488.37695235760646
2023-02-21,Product A,Category 1,9,40.21190006162447,361.90710055462023
2023-02-21,Product A,Category 2,8,71.17441218600129,569.3952974880103
2023-01-30,Product C,Category 3,1,12.940585453623957,12.940585453623957
2023-02-25,Product A,Category 1,3,45.44094190350797,136.32282571052392
2023-01-12,Product C,Category 2,8,11.764945118719272,94.11956094975417
2023-03-09,Product D,Category 2,4,83.47109816306038,333.8843926522415
2023-03-19,Product D,Category 2,6,26.827046246454792,160.96227747872877
2023-02-25,Product B,Category 2,2,70.70931167671826,141.41862335343652
2023-03-30,Product D,Category 1,6,34.93595464535004,209.61572787210022
2023-03-10,Product B,Category 2,2,22.18160029038829,44.36320058077658
2023-03-28,Product B,Category 3,2,93.7265805141919,187.4531610283838
2023-02-27,Product B,Category 3,3,63.55221542079599,190.65664626238797
2023-01-12,Product A,Category 3,5,90.15679425690038,450.78397128450194
2023-03-20,Product B,Category 1,4,37.59394614855752,150.37578459423008
2023-03-24,Product D,Category 3,2,84.6851800310555,169.370360062111
2023-03-31,Product C,Category 2,2,94.75141000656541,189.50282001313082
2023-01-04,Product D,Category 2,3,45.56654441081094,136.69963323243283
2023-02-07,Product C,Category 3,9,91.37179460786022,822.346151470742
2023-01-08,Product D,Category 1,2,40.15771684111989,80.31543368223979
2023-01-30,Product C,Category 1,8,39.2139999214562,313.7119993716496
2023-03-20,Product D,Category 2,9,99.61594049755861,896.5434644780275
2023-01-12,Product C,Category 2,3,95.71694033596171,287.15082100788516
2023-03-15,Product B,Category 3,7,30.57565113743275,214.02955796202926
2023-01-12,Product C,Category 1,6,85.34818243334308,512.0890946000585
2023-01-17,Product B,Category 3,2,40.82120898768119,81.64241797536238
2023-03-02,Product D,Category 2,7,98.13190365802242,686.9233256061569
2023-03-05,Product C,Category 2,3,86.4835865884057,259.4507597652171
2023-03-01,Product C,Category 3,6,91.44273711812843,548.6564227087706
2023-01-02,Product D,Category 1,7,61.63061603406026,431.4143122384218
2023-01-19,Product B,Category 2,2,36.47362170890624,72.94724341781247
2023-02-23,Product B,Category 2,6,27.7772505739039,166.6635034434234
2023-01-29,Product A,Category 1,9,57.50847284915198,517.5762556423678
